[{
	"Author": "Apollo, DJ Huntress",
	"Name": "GamblePyon",
	"Punchline": "Helper plugin for Blackjack",
	"Description": "An interface for managing a game of Blackjack.\n/pyon - Open GamblePyon",
	"Changelog": "",
	"InternalName": "GamblePyon",
	"AssemblyVersion": "1.0.0.7",
	"RepoUrl": "https://github.com/Incalex/FFXIVGamblePyon",
	"ApplicableVersion": "any",
	"CategoryTags": [ "minigames" ],
	"Tags": [ "blackjack", "gamble", "pyon" ],
	"DalamudApiLevel": 9,
	"IconUrl": "",
	"ImageUrls": [ "" ],
	"DownloadLinkInstall": "https://github.com/Incalex/FFXIVGamblePyon/raw/main/bin/GamblePyon.zip",
	"IsHide": false,
	"IsTestingExclusive": false,
	"DownloadLinkTesting": "https://github.com/Incalex/FFXIVGamblePyon/raw/main/bin/GamblePyon.zip",
	"DownloadLinkUpdate": "https://github.com/Incalex/FFXIVGamblePyon/raw/main/bin/GamblePyon.zip",
	"DownloadCount": 0
}]